HITId,HITTypeId,Title,Description,Keywords,Reward,CreationTime,MaxAssignments,RequesterAnnotation,AssignmentDurationInSeconds,AutoApprovalDelayInSeconds,Expiration,NumberOfSimilarHITs,LifetimeInSeconds,AssignmentId,WorkerId,AssignmentStatus,AcceptTime,SubmitTime,AutoApprovalTime,ApprovalTime,RejectionTime,RequesterFeedback,WorkTimeInSeconds,LifetimeApprovalRate,Last30DaysApprovalRate,Last7DaysApprovalRate,Input.name,Answer.cb_desc,Answer.in_cb,Answer.web_url,Approve,Reject
3IKMEYR0LX2WIXCCPQIQURGUMO9K2A,3N0UI6O13VLJBAKBYYX46BJZXYMQQS,Copy/paste text from database ($0.1 for <1 min),"We will give you a company's name, and you will find the firm in a database, and copy/paste a URL and description.","data collection, branding, marketing",$0.10,Thu Apr 06 08:30:27 PDT 2017,1,BatchId:2755260;OriginalHitTemplateId:920937305;,600,86400,Thu Apr 13 08:30:27 PDT 2017,,,3II4UPYCOLF8JU6HPMR5AGERISKDQM,A3F6SDO4GYBE4Y,Submitted,Thu Apr 06 08:33:54 PDT 2017,Thu Apr 06 08:34:39 PDT 2017,Fri Apr 07 08:34:39 PDT 2017,,,,45,0% (0/0),0% (0/0),0% (0/0),ebay,"eBay is an online marketplace.The platform connects millions of buyers with sellers globally utilizing PayPal to ensure secure transactions. eBay products can be sold either via a silent auction in which users are able to input the maximum price they are willing to pay and for which the site will automatically increase bids as necessary up to that maximum, or via the Buy It Now feature that enables its users to purchase items at a set price.Its featured products are categorized as fashion, hope and garden, electronics, motors, collectibles, antiques and visual art, stationery, electronics, and more.eBay was founded in September 1995 by Pierre Omidyar in San Jose, California.",,https://www.crunchbase.com/organization/ebay#/entity,,
3K3IX1W4S7YMYR4WFXGDWQLRSM7PAN,3N0UI6O13VLJBAKBYYX46BJZXYMQQS,Copy/paste text from database ($0.1 for <1 min),"We will give you a company's name, and you will find the firm in a database, and copy/paste a URL and description.","data collection, branding, marketing",$0.10,Thu Apr 06 08:30:27 PDT 2017,1,BatchId:2755260;OriginalHitTemplateId:920937305;,600,86400,Thu Apr 13 08:30:27 PDT 2017,,,3STRJBFXOYZTPG4JY77NJYK4M8GTKT,A3G8NSPRF986WP,Submitted,Thu Apr 06 08:36:51 PDT 2017,Thu Apr 06 08:37:36 PDT 2017,Fri Apr 07 08:37:36 PDT 2017,,,,45,0% (0/0),0% (0/0),0% (0/0),goldman-sachs,"The Goldman Sachs Group, Inc. provides investment banking, securities, and investment management services, as well as financial services to corporations, financial institutions, governments, and high-net-worth individuals worldwide.",on,https://www.crunchbase.com/organization/goldman-sachs#/entity,,
3D3B8GE893Y8T8URNR2D0VA7M4PP98,3N0UI6O13VLJBAKBYYX46BJZXYMQQS,Copy/paste text from database ($0.1 for <1 min),"We will give you a company's name, and you will find the firm in a database, and copy/paste a URL and description.","data collection, branding, marketing",$0.10,Thu Apr 06 08:30:27 PDT 2017,1,BatchId:2755260;OriginalHitTemplateId:920937305;,600,86400,Thu Apr 13 08:30:27 PDT 2017,,,3X65QVEQI2VNN5KQXLOY9OXFNMLLC5,A3OE4LKJ2ORFZS,Submitted,Thu Apr 06 08:34:05 PDT 2017,Thu Apr 06 08:40:25 PDT 2017,Fri Apr 07 08:40:25 PDT 2017,,,,380,100% (3/3),100% (3/3),100% (3/3),hilton,{},on,https://www.crunchbase.com/organization/hilton#/entity,,
3CRWSLD91LB5FS1KX0T3GHB1CY0MON,3N0UI6O13VLJBAKBYYX46BJZXYMQQS,Copy/paste text from database ($0.1 for <1 min),"We will give you a company's name, and you will find the firm in a database, and copy/paste a URL and description.","data collection, branding, marketing",$0.10,Thu Apr 06 08:30:27 PDT 2017,1,BatchId:2755260;OriginalHitTemplateId:920937305;,600,86400,Thu Apr 13 08:30:27 PDT 2017,,,373ERPL3YQGFCKHEORGKKA6IH0ATRM,A3F6SDO4GYBE4Y,Submitted,Thu Apr 06 08:37:45 PDT 2017,Thu Apr 06 08:38:24 PDT 2017,Fri Apr 07 08:38:24 PDT 2017,,,,39,0% (0/0),0% (0/0),0% (0/0),honda,"Honda Motor Co Ltd is a Japanese public multinational corporation primarily known as a manufacturer of automobiles and motorcycles. It distributes motorcycles, scooters, all-terrain vehicles, side-by-sides, and more in the United States.The company conducts sales, marketing, and operational activities for cars, trucks, sport utility vehicles, automobile parts and accessories, engines, generators, lawnmowers, tillers, trimmers, multi-purpose utility vehicles, outboard motors, pumps, scooters, and snowblowers through authorized Honda dealers.Honda Automobiles is also specialized in the design and development of race engines, chassis and performance parts, and technical support services.Honda Automobiles was founded in 1959 and is based in Torrance, California. It operates as a subsidiary of Honda Motor Co., Ltd.",,https://www.crunchbase.com/organization/honda-automobiles#/entity,,
3BKZLF990068UL3EVG9IZHT809WYQX,3N0UI6O13VLJBAKBYYX46BJZXYMQQS,Copy/paste text from database ($0.1 for <1 min),"We will give you a company's name, and you will find the firm in a database, and copy/paste a URL and description.","data collection, branding, marketing",$0.10,Thu Apr 06 08:30:27 PDT 2017,1,BatchId:2755260;OriginalHitTemplateId:920937305;,600,86400,Thu Apr 13 08:30:27 PDT 2017,,,3Y9N9SS8L0JGCT0FRBF9X8LG806D3J,A2C2WXXKJOLCZ2,Submitted,Thu Apr 06 08:32:25 PDT 2017,Thu Apr 06 08:38:56 PDT 2017,Fri Apr 07 08:38:56 PDT 2017,,,,391,0% (0/0),0% (0/0),0% (0/0),hyundai,"The Hyundai Motor Company is a South Korean multinational automotive manufacturer headquartered in Seoul, South Korea. The company was founded in 1967 and, along with its 32.8% owned subsidiary, Kia Motors, together comprise the Hyundai Motor Group, which is the world's fifth largest automaker based on annual vehicle sales in 2012.needs update In 2008, Hyundai Motor (without Kia) was ranked as the eighth largest automaker. As of 2012, the Company sold over 4.4 million vehicles worldwide in that year, and together with Kia total sales were 7.12 million.",,https://www.crunchbase.com/organization/hyundai-motor-company,,
3BJKPTD2QDJCP0JKYPBJWQBYHTGTR4,3N0UI6O13VLJBAKBYYX46BJZXYMQQS,Copy/paste text from database ($0.1 for <1 min),"We will give you a company's name, and you will find the firm in a database, and copy/paste a URL and description.","data collection, branding, marketing",$0.10,Thu Apr 06 08:30:27 PDT 2017,1,BatchId:2755260;OriginalHitTemplateId:920937305;,600,86400,Thu Apr 13 08:30:27 PDT 2017,,,3S3AMIZX3WD4PTWYK4QAQBPAEDJDCH,A3OE4LKJ2ORFZS,Submitted,Thu Apr 06 08:32:53 PDT 2017,Thu Apr 06 08:36:41 PDT 2017,Fri Apr 07 08:36:41 PDT 2017,,,,228,100% (3/3),100% (3/3),100% (3/3),kia,"Official Kia Motors America Pinterest Account. Welcome. View photos, videos and more.",,https://www.crunchbase.com/organization/kia-motors,,
3YZ7A3YHR60M5D87CITQJKAGNSDS50,3N0UI6O13VLJBAKBYYX46BJZXYMQQS,Copy/paste text from database ($0.1 for <1 min),"We will give you a company's name, and you will find the firm in a database, and copy/paste a URL and description.","data collection, branding, marketing",$0.10,Thu Apr 06 08:30:27 PDT 2017,1,BatchId:2755260;OriginalHitTemplateId:920937305;,600,86400,Thu Apr 13 08:30:27 PDT 2017,,,3PXX5PX6LZ6NHH1GMU3DPQBMBPMBA6,A3OE4LKJ2ORFZS,Submitted,Thu Apr 06 08:32:55 PDT 2017,Thu Apr 06 08:37:55 PDT 2017,Fri Apr 07 08:37:55 PDT 2017,,,,300,100% (3/3),100% (3/3),100% (3/3),masco,"Masco Corporation is one of the world's largest manufacturers of brand name products for the home improvement and new home construction markets. Masco is also a leading provider of a variety of installed products and services, including insulation, for homebuilders. When it comes to our products and services, our reputation for quality, innovation, value, and performance is unparalleled. Some of our major brands include Delta, Behr, KraftMaid, Merillat, Hansgrohe, Milgard, and Liberty. Masco is also committed to providing high quality products that enhance the lives of consumers worldwide. Our focus is on strengthening our leadership brands by delivering innovative, cost-effective and environmentally-friendly solutions for our customers.",,https://www.crunchbase.com/organization/masco-corporation#/entity,,
34XASH8KLRTN0SDLC06I5HGRM3WMP4,3N0UI6O13VLJBAKBYYX46BJZXYMQQS,Copy/paste text from database ($0.1 for <1 min),"We will give you a company's name, and you will find the firm in a database, and copy/paste a URL and description.","data collection, branding, marketing",$0.10,Thu Apr 06 08:30:27 PDT 2017,1,BatchId:2755260;OriginalHitTemplateId:920937305;,600,86400,Thu Apr 13 08:30:27 PDT 2017,,,31EUONYN2XBRSZTN1UZVRXPY3Y6VOV,A3F6SDO4GYBE4Y,Submitted,Thu Apr 06 08:36:19 PDT 2017,Thu Apr 06 08:37:06 PDT 2017,Fri Apr 07 08:37:06 PDT 2017,,,,47,0% (0/0),0% (0/0),0% (0/0),mckinsey,"McKinsey & Company is a global management consulting firm, the trusted advisor to the world's leading businesses, governments, and institutions.McKinsey & Company provides solutions for issues of concern to senior management in large corporations and organizations. It provides advisory services to the world's leading businesses, governments, and institutions. It also provides industry practice solutions and functional practice solutions. Its industry practice solutions include advanced electronics, chemicals, metal and mining, electrical power, consumer goods, and more. Its functional practice solutions include business technology, corporate finance and sales, operations, and other related areas.McKinsey & Company was established in 1926 and is based in London, United Kingdom. It operates additional offices in each continent. When James O. McKinsey founded McKinsey in 1926, he could not have imagined the reach his small firm would eventually have. Eighty-seven years later, the firm has grown into a global partnership serving two-thirds of the Fortune 1000.",,https://www.crunchbase.com/organization/mckinsey-company#/entity,,
3BFF0DJK8YJOQFJXDEBOM0GU3VZTSS,3N0UI6O13VLJBAKBYYX46BJZXYMQQS,Copy/paste text from database ($0.1 for <1 min),"We will give you a company's name, and you will find the firm in a database, and copy/paste a URL and description.","data collection, branding, marketing",$0.10,Thu Apr 06 08:30:27 PDT 2017,1,BatchId:2755260;OriginalHitTemplateId:920937305;,600,86400,Thu Apr 13 08:30:27 PDT 2017,,,3SEPORI8WP7JZF4WS8JGB8IP2S8AZB,A3OE4LKJ2ORFZS,Submitted,Thu Apr 06 08:31:24 PDT 2017,Thu Apr 06 08:32:42 PDT 2017,Fri Apr 07 08:32:42 PDT 2017,,,,78,100% (3/3),100% (3/3),100% (3/3),mosaic,"Mosaic is a solar finance company that provides financing for residential solar systems. Mosaic's vision, 100% clean energy for all, embodies the desire to create shared prosperity through clean energy and to help millions of people invest in themselves, their homes and the future of the planet.",,https://www.crunchbase.com/organization/solar-mosaic#/entity,,
3566S7OX5EQ1YXNWNST3L313OYW175,3N0UI6O13VLJBAKBYYX46BJZXYMQQS,Copy/paste text from database ($0.1 for <1 min),"We will give you a company's name, and you will find the firm in a database, and copy/paste a URL and description.","data collection, branding, marketing",$0.10,Thu Apr 06 08:30:27 PDT 2017,1,BatchId:2755260;OriginalHitTemplateId:920937305;,600,86400,Thu Apr 13 08:30:27 PDT 2017,,,3EQHHY4HQU0M2SXA7K4AIQMXZODG5M,A3OE4LKJ2ORFZS,Submitted,Thu Apr 06 08:33:04 PDT 2017,Thu Apr 06 08:39:39 PDT 2017,Fri Apr 07 08:39:39 PDT 2017,,,,395,100% (3/3),100% (3/3),100% (3/3),motorola,"Motorola provides products, technologies, and services for mobile, wireline digital communication, information, and entertainment applications. Its product portfolio includes smartphones operating on the Android operating system, feature phones, media tablet devices, wireless accessories, and more.Its range of smartphone products includes the Moto X first generation, Moto X second generation, Moto G first generation, Moto G second generation, and more. It is also the manufacturer of Moto 360, a smartwatch that provides services such as notifications, updates, and other related features.It also provides monitors, cordless phones, applications, and accessories such as cases, wireless headsets, wireless speakers, and more.In addition, it provides multimedia content, including video, voice, messaging, and cloud-based and Internet-based applications and services to multiple screens such as mobile devices, televisions, media tablets, and personal computers. Its Medios service platform enables service providers to deliver content on devices.Motorola is based in Chicago, Illinois. It primarily sells its products in the United States, China, Brazil, and Singapore.Motorola currently operates as a subsidiary of Google Inc.",,https://www.crunchbase.com/organization/motorola-corporate#/entity,,
3KA7IJSNW7CRH19OLBG9R15XA4SPBI,3N0UI6O13VLJBAKBYYX46BJZXYMQQS,Copy/paste text from database ($0.1 for <1 min),"We will give you a company's name, and you will find the firm in a database, and copy/paste a URL and description.","data collection, branding, marketing",$0.10,Thu Apr 06 08:30:27 PDT 2017,1,BatchId:2755260;OriginalHitTemplateId:920937305;,600,86400,Thu Apr 13 08:30:27 PDT 2017,,,3HWRJOOET7APOGZUDLRUBYBD0S6SEJ,A3OE4LKJ2ORFZS,Submitted,Thu Apr 06 08:32:54 PDT 2017,Thu Apr 06 08:36:58 PDT 2017,Fri Apr 07 08:36:58 PDT 2017,,,,244,100% (3/3),100% (3/3),100% (3/3),mtv,"MTV Networks, a division of Viacom, is one of the world's leading creators of entertainment content, with brands that engage and connect diverse audiences across television, online, mobile, games, virtual worlds and consumer products. The company's portfolio spans more than 150 television channels and 400 digital media properties worldwide, and includes MTV, VH1, CMT, Logo, Harmonix, Nickelodeon, Nick at Nite, Nick Jr., TeenNick, AddictingGames, Shockwave, Neopets, COMEDY CENTRAL, SPIKE, TV Land, Atom, GameTrailers and Xfire.",,https://www.crunchbase.com/organization/mtv-networks,,
3LN3BXKGC12DSRE0DJMIK64QJENWG1,3N0UI6O13VLJBAKBYYX46BJZXYMQQS,Copy/paste text from database ($0.1 for <1 min),"We will give you a company's name, and you will find the firm in a database, and copy/paste a URL and description.","data collection, branding, marketing",$0.10,Thu Apr 06 08:30:27 PDT 2017,1,BatchId:2755260;OriginalHitTemplateId:920937305;,600,86400,Thu Apr 13 08:30:27 PDT 2017,,,3WQQ9FUS6C29YT81PWJZTZ5RL1M8BZ,ADLYO655RWJUI,Submitted,Thu Apr 06 08:31:32 PDT 2017,Thu Apr 06 08:32:54 PDT 2017,Fri Apr 07 08:32:54 PDT 2017,,,,82,0% (0/0),0% (0/0),0% (0/0),nestle,"Our main events and publications such as Results, Annual Reports and highlights of the year in infographics, stop motion and animation videos.",,https://www.crunchbase.com/organization/nestl,,
37SDSEDINA95YBSFXXL9Z3XYZI218S,3N0UI6O13VLJBAKBYYX46BJZXYMQQS,Copy/paste text from database ($0.1 for <1 min),"We will give you a company's name, and you will find the firm in a database, and copy/paste a URL and description.","data collection, branding, marketing",$0.10,Thu Apr 06 08:30:27 PDT 2017,1,BatchId:2755260;OriginalHitTemplateId:920937305;,600,86400,Thu Apr 13 08:30:27 PDT 2017,,,3ATPCQ38JAIJUPURWMHXX19NWY4YA8,A3F6SDO4GYBE4Y,Submitted,Thu Apr 06 08:37:07 PDT 2017,Thu Apr 06 08:37:45 PDT 2017,Fri Apr 07 08:37:45 PDT 2017,,,,38,0% (0/0),0% (0/0),0% (0/0),paypal,"PayPal provides online payment solutions to its users. It enables its users to transact money through their account balances, bank accounts, credit cards, or promotional financing without sharing financial information.The company serves individuals who purchase through online stores across the globe and businesses worldwide. It has a strategic relationship with Facebook. PayPal was formerly known as X.com Corp. and changed its name to PayPal in March 2000.PayPal has quickly become a global leader in online payment solutions with more than 153 million accounts worldwide. Available in 190 markets and 24 currencies around the world, PayPal facilitates global e-commerce by making payments possible across different locations, currencies, and languages.The company was founded in 1998 and is based in San Jose, California. It has an additional office in Timonium, Maryland; a European headquarters in Luxembourg; and an international headquarters in Singapore. The company also has operation centers in Berlin; Chandler, Arizona; Dublin and Dundalk, Ireland; La Vista, Nebraska; Petaling Jaya, Malaysia; Sao Paulo, Brazil; and Shanghai, China. PayPal, Inc. has development centers in Scottsdale, Arizona; Austin, Texas; Chennai and Bangalore, India; Singapore; and Tel Aviv, Israel. Currently, PayPal operates as a subsidiary of eBay Inc.",,https://www.crunchbase.com/organization/paypal#/entity,,
3QI9WAYOGRIIOH8LH13VBQOGJNOS6G,3N0UI6O13VLJBAKBYYX46BJZXYMQQS,Copy/paste text from database ($0.1 for <1 min),"We will give you a company's name, and you will find the firm in a database, and copy/paste a URL and description.","data collection, branding, marketing",$0.10,Thu Apr 06 08:30:27 PDT 2017,1,BatchId:2755260;OriginalHitTemplateId:920937305;,600,86400,Thu Apr 13 08:30:27 PDT 2017,,,31JLPPHS2W27GQR4HKTP82XFCEE3O7,A2WQWHBN0BF4U7,Submitted,Thu Apr 06 08:37:57 PDT 2017,Thu Apr 06 08:38:54 PDT 2017,Fri Apr 07 08:38:54 PDT 2017,,,,57,0% (0/0),0% (0/0),0% (0/0),phillips,Phillips is a food service company offering seafood such as crab at reasonable prices.,,https://www.crunchbase.com/organization/phillips#/entity,,
34R3P23QHT8RSN9BXP4056GRYE0WH0,3N0UI6O13VLJBAKBYYX46BJZXYMQQS,Copy/paste text from database ($0.1 for <1 min),"We will give you a company's name, and you will find the firm in a database, and copy/paste a URL and description.","data collection, branding, marketing",$0.10,Thu Apr 06 08:30:27 PDT 2017,1,BatchId:2755260;OriginalHitTemplateId:920937305;,600,86400,Thu Apr 13 08:30:27 PDT 2017,,,3I0BTBYZAZTNTCW94KK48VXANCSY0H,A3F6SDO4GYBE4Y,Submitted,Thu Apr 06 08:35:34 PDT 2017,Thu Apr 06 08:36:19 PDT 2017,Fri Apr 07 08:36:19 PDT 2017,,,,45,0% (0/0),0% (0/0),0% (0/0),prudential,"Leveraging its heritage of life insurance and asset management expertise, Prudential is focused on helping approximately 50 million individual and institutional customers grow and protect their wealth. Prudential businesses offer a variety of products and survices including life insurance, annuities, retirement-related services, mutual finds, investment management, and real estate services.Prudential Financial, Inc., also known by its primary subsidiary The Prudential Insurance Company of America, is a Fortune Global 500 and Fortune 500 company whose subsidiaries provide insurance, investment management, and other financial products and services to both retail and institutional customers throughout the United States and in over 30 other countries. Principal products and services provided include life insurance, annuities, mutual funds, pension- and retirement-related investments, administration and asset management, securities brokerage services, and commercial and residential real estate in many states of the U.S. It provides these products and services to individual and institutional customers through distribution networks in the financial services industry. Prudential has operations in the United States, Asia, Europe and Latin America and has organized its principal operations into the Financial Services Businesses and the Closed Block Business.Prudential is composed of hundreds of subsidiaries and holds more than $2 trillion of life insurance. The company uses the Rock of Gibraltar as its logo.",,https://www.crunchbase.com/organization/prudential-financial,,
3PKVGQTFIIR86MIE8VYI473DWVYYRY,3N0UI6O13VLJBAKBYYX46BJZXYMQQS,Copy/paste text from database ($0.1 for <1 min),"We will give you a company's name, and you will find the firm in a database, and copy/paste a URL and description.","data collection, branding, marketing",$0.10,Thu Apr 06 08:30:27 PDT 2017,1,BatchId:2755260;OriginalHitTemplateId:920937305;,600,86400,Thu Apr 13 08:30:27 PDT 2017,,,32AT8R96GNH6DCWG3L6ZFGXGMG0SU0,A3F6SDO4GYBE4Y,Submitted,Thu Apr 06 08:34:39 PDT 2017,Thu Apr 06 08:35:34 PDT 2017,Fri Apr 07 08:35:34 PDT 2017,,,,55,0% (0/0),0% (0/0),0% (0/0),purina,Nestle Purina is dedicated to enhance the lives of Pet animals. They provide pet care products worldwide by their affiliates.,,https://www.crunchbase.com/organization/nestle-purina-petcare#/entity,,
329E6HTMSX9L3F8VTQWVD1LMS29K3L,3N0UI6O13VLJBAKBYYX46BJZXYMQQS,Copy/paste text from database ($0.1 for <1 min),"We will give you a company's name, and you will find the firm in a database, and copy/paste a URL and description.","data collection, branding, marketing",$0.10,Thu Apr 06 08:30:27 PDT 2017,1,BatchId:2755260;OriginalHitTemplateId:920937305;,600,86400,Thu Apr 13 08:30:27 PDT 2017,,,3PB5A5BD0XE1PWBTVDJ7GA0TQU8G71,A3OE4LKJ2ORFZS,Submitted,Thu Apr 06 08:33:02 PDT 2017,Thu Apr 06 08:38:43 PDT 2017,Fri Apr 07 08:38:43 PDT 2017,,,,341,100% (3/3),100% (3/3),100% (3/3),regions,"Regions Financial is a finance company and it has launched regions mobile deposit for their customer. Regions Financial Corporation was formed in 1971 as First Alabama Bancshares Inc., Alabama 's first multibank holding company. With the combination of three well-respected banks, the holding company began operations with a total of $543 million in assets and 40 banking locations in Birmingham , Huntsville and Montgomery.",,https://www.crunchbase.com/organization/regions-financial#/entity,,
3PGQRAZX03RK71IRNKYNUH89IXHYSM,3N0UI6O13VLJBAKBYYX46BJZXYMQQS,Copy/paste text from database ($0.1 for <1 min),"We will give you a company's name, and you will find the firm in a database, and copy/paste a URL and description.","data collection, branding, marketing",$0.10,Thu Apr 06 08:30:27 PDT 2017,1,BatchId:2755260;OriginalHitTemplateId:920937305;,600,86400,Thu Apr 13 08:30:27 PDT 2017,,,33CID571061ZA5O74SDXGLTLH993LQ,A3G8NSPRF986WP,Submitted,Thu Apr 06 08:37:37 PDT 2017,Thu Apr 06 08:38:59 PDT 2017,Fri Apr 07 08:38:59 PDT 2017,,,,82,0% (0/0),0% (0/0),0% (0/0),sunoco,"The Susser family's gasoline business began when Minna Schwartz won the heart of an entrepreneur. In 1938 her husband, Sam Susser, took over operation of two service stations in Corpus Christi, Texas that Minna had inherited, and they began selling fuel to local companies. The business has flourished, and today, Susser is the largest non-refiner fuel distributor in Texas, supplying fuel to more than 2,400 convenience stores, service stations and commercial fuel customers in Texas, Oklahoma and Louisiana. Sam and Minna's two sons, Jerry and Sam J., joined Susser Petroleum Company in the 1960s. Together, they invented the first ‰ÛÏpay-at-the-pump‰Û system that allowed customers to purchase gasoline with a credit card from unattended stations. Sam J.'s son, Sam L. Susser, joined the business in 1988. The Company began building its retail convenience store business with the acquisition of 26 7-Eleven stores in 1988, and today there are more than 560 Stripeså¨ convenience stores in operation.",,https://www.crunchbase.com/organization/sun-oil-company-sunoco#/entity,,
3ABAOCJ4R9B804E0CDL75M61RZIMQV,3N0UI6O13VLJBAKBYYX46BJZXYMQQS,Copy/paste text from database ($0.1 for <1 min),"We will give you a company's name, and you will find the firm in a database, and copy/paste a URL and description.","data collection, branding, marketing",$0.10,Thu Apr 06 08:30:27 PDT 2017,1,BatchId:2755260;OriginalHitTemplateId:920937305;,600,86400,Thu Apr 13 08:30:27 PDT 2017,,,37TD41K0AJHARIFGHULZLABAFGTSCQ,A3OE4LKJ2ORFZS,Submitted,Thu Apr 06 08:32:52 PDT 2017,Thu Apr 06 08:36:24 PDT 2017,Fri Apr 07 08:36:24 PDT 2017,,,,212,100% (3/3),100% (3/3),100% (3/3),the-north-face,"The North Faceå¨, a Division of VF Corporation, is the leading outdoor lifestyle company. Our philosophy is centered on teamwork and helping others to excel and push their boundaries. With more than 40 years in the outdoor industry, The North Faceå¨ is the premier supplier of authentic, innovative and technologically advanced exploration apparel, footwear, equipment and accessories.",,https://www.crunchbase.com/organization/the-north-face-emea#/entity,,
3RZS0FBRWLHAR61UZBC42LBFSPSPCP,3N0UI6O13VLJBAKBYYX46BJZXYMQQS,Copy/paste text from database ($0.1 for <1 min),"We will give you a company's name, and you will find the firm in a database, and copy/paste a URL and description.","data collection, branding, marketing",$0.10,Thu Apr 06 08:30:27 PDT 2017,1,BatchId:2755260;OriginalHitTemplateId:920937305;,600,86400,Thu Apr 13 08:30:27 PDT 2017,,,3JNQLM5FT6UAPNSO0SZSXBOTBV8L2W,A3OE4LKJ2ORFZS,Submitted,Thu Apr 06 08:33:03 PDT 2017,Thu Apr 06 08:39:53 PDT 2017,Fri Apr 07 08:39:53 PDT 2017,,,,410,100% (3/3),100% (3/3),100% (3/3),walgreens,"Walgreens (www.walgreens.com) is the nation's largest drugstore chain with fiscal 2010 sales of $67 billion. The company operates 7,689 drugstores in all 50 states, the District of Columbia and Puerto Rico. Each day, Walgreens provides nearly 6 million customers the most convenient, multi-channel access to consumer goods and services and trusted, cost-effective pharmacy, health and wellness services and advice in communities across America. Walgreens scope of pharmacy services includes retail, specialty, infusion, medical facility and mail service, along with respiratory services. These services improve health outcomes and lower costs for payers including employers, managed care organizations, health systems, pharmacy benefit managers and the public sector. Take Care Health Systems is a Walgreens subsidiary that is the largest and most comprehensive manager of worksite health centers and in-store convenient care clinics, with more than 700 locations throughout the country.",,https://www.crunchbase.com/organization/walgreens#/entity,,
39KV3A5D19E1SHMQ0B8NH4OCEY8S7F,3N0UI6O13VLJBAKBYYX46BJZXYMQQS,Copy/paste text from database ($0.1 for <1 min),"We will give you a company's name, and you will find the firm in a database, and copy/paste a URL and description.","data collection, branding, marketing",$0.10,Thu Apr 06 08:30:27 PDT 2017,1,BatchId:2755260;OriginalHitTemplateId:920937305;,600,86400,Thu Apr 13 08:30:27 PDT 2017,,,3OF2M9AATIWPBSDI4ZW55MLL742KZ0,A3OE4LKJ2ORFZS,Submitted,Thu Apr 06 08:32:51 PDT 2017,Thu Apr 06 08:36:02 PDT 2017,Fri Apr 07 08:36:02 PDT 2017,,,,191,100% (3/3),100% (3/3),100% (3/3),walt-disney,{},on,https://www.crunchbase.com/organization/walt-disney-studios#/entity,,
3R16PJFTS4Y6LBRZT41EN6DS625K46,3N0UI6O13VLJBAKBYYX46BJZXYMQQS,Copy/paste text from database ($0.1 for <1 min),"We will give you a company's name, and you will find the firm in a database, and copy/paste a URL and description.","data collection, branding, marketing",$0.10,Thu Apr 06 08:30:27 PDT 2017,1,BatchId:2755260;OriginalHitTemplateId:920937305;,600,86400,Thu Apr 13 08:30:27 PDT 2017,,,374TNBHA8D3BH518LIEJN1OS0GQQY7,A3OE4LKJ2ORFZS,Submitted,Thu Apr 06 08:38:10 PDT 2017,Thu Apr 06 08:41:04 PDT 2017,Fri Apr 07 08:41:04 PDT 2017,,,,174,100% (3/3),100% (3/3),100% (3/3),wells-fargo,"Wells Fargo & Company is a diversified financial services company with $1.3 trillion in assets, providing banking, insurance, investments, mortgage and consumer finance through more than 10,000 stores, over 12,000 ATMs and the internet across North America and internationally.Wells Fargo & Company is an American multinational banking and financial services holding company with operations around the world. Wells Fargo is the fourth largest bank in the U.S. by assets and the largest bank by market capitalization. Wells Fargo is the second largest bank in deposits, home mortgage servicing, and debit cards. In 2011, Wells Fargo was the 23rd largest company in the United States. Wells Fargo is headquartered in San Francisco, California, with ""hubquarters"" throughout the country.In 2007 it was the only bank in the United States to be rated AAA by S&P, though its rating has since been lowered to AA‰öÕ in light of the financial crisis of 2007‰ÛÒ2012. The firm's primary U.S. operating subsidiary is national bank Wells Fargo Bank, N.A., which designates its main office as Sioux Falls, South Dakota.Wells Fargo in its present form is a result of a merger between San Francisco-based Wells Fargo & Company and Minneapolis-based Norwest Corporation in 1998 and the subsequent 2008 acquisition of Charlotte-based Wachovia. Following the mergers, the company transferred its headquarters to Wells Fargo's headquarters in San Francisco and merged its operating subsidiary with Wells Fargo's operating subsidiary in Sioux Falls.In 2012, Wells Fargo had more than 9,000 retail branches and over 12,000 automated teller machines in 39 states and the District of Columbia. A ""Big Four bank"", it has over 270,000 employees and over 70 million customers. As of July 12, 2013, Wells Fargo became the world's biggest bank by market capitalization, worth $236 billion.",,https://www.crunchbase.com/organization/wells-fargo-bank#/entity,,
3GKAWYFRAQ0KWY78Z77FMRTXDP4PDP,3N0UI6O13VLJBAKBYYX46BJZXYMQQS,Copy/paste text from database ($0.1 for <1 min),"We will give you a company's name, and you will find the firm in a database, and copy/paste a URL and description.","data collection, branding, marketing",$0.10,Thu Apr 06 08:30:27 PDT 2017,1,BatchId:2755260;OriginalHitTemplateId:920937305;,600,86400,Thu Apr 13 08:30:27 PDT 2017,,,3OCHAWUVGQS06XD33H8K815AZ44KX3,A3OE4LKJ2ORFZS,Submitted,Thu Apr 06 08:32:46 PDT 2017,Thu Apr 06 08:34:19 PDT 2017,Fri Apr 07 08:34:19 PDT 2017,,,,93,100% (3/3),100% (3/3),100% (3/3),crown-holdings-inc,"Crown is proud to be the leader in metal packaging technology. With operations in 41 countries employing over 21,900 people and net sales of $8.5 billion, we provide global breadth as well as regional expertise. We're also proud of our World-Class Performance standards and the innovations provided to the industry from our technology centers. Founded in 1892.",,https://www.crunchbase.com/organization/crown-holdings#/entity,,
37AQKJ12TYVP5FWC2EGEW5CG5EDTTH,3N0UI6O13VLJBAKBYYX46BJZXYMQQS,Copy/paste text from database ($0.1 for <1 min),"We will give you a company's name, and you will find the firm in a database, and copy/paste a URL and description.","data collection, branding, marketing",$0.10,Thu Apr 06 08:30:27 PDT 2017,1,BatchId:2755260;OriginalHitTemplateId:920937305;,600,86400,Thu Apr 13 08:30:27 PDT 2017,,,3WQ3B2KGEAORNTOGQBAKEPIJ7VGB1I,A3F6SDO4GYBE4Y,Submitted,Thu Apr 06 08:31:28 PDT 2017,Thu Apr 06 08:32:40 PDT 2017,Fri Apr 07 08:32:40 PDT 2017,,,,72,0% (0/0),0% (0/0),0% (0/0),jetblue-airways-corporation,"JetBlue Airways Corporation (JetBlue) is a passenger airline that operates primarily on point-to-point routes with its fleet of 120 Airbus A320 aircraft and 49 EMBRAER 190 aircraft. As of December 31, 2011, it served 70 destinations in 22 states, Puerto Rico, Mexico and 12 countries in the Caribbean and Latin America. Most of JetBlue flights have as an origin or destination New York or one of its other focus cities: Boston, Fort Lauderdale, Los Angeles, Orlando or San Juan, Puerto Rico. As of December 31, 2011, the Company operated an average of 700 daily flights. During the year ended December 31, 2011, the Company acquired eight take-off and landing slots at each of New York‰Ûªs LaGuardia Airport and Washington D.C.‰Ûªs Ronald Reagan National Airport. The Company‰Ûªs operations primarily consist of transporting passengers on its aircraft with domestic United States operations, including Puerto Rico, which accounted for 85% of its capacity in 2011.",,https://www.crunchbase.com/organization/jetblue-airways#/entity,,
38RHULDV9ZMROIKV37ML5IH6YRFWIT,3N0UI6O13VLJBAKBYYX46BJZXYMQQS,Copy/paste text from database ($0.1 for <1 min),"We will give you a company's name, and you will find the firm in a database, and copy/paste a URL and description.","data collection, branding, marketing",$0.10,Thu Apr 06 08:30:27 PDT 2017,1,BatchId:2755260;OriginalHitTemplateId:920937305;,600,86400,Thu Apr 13 08:30:27 PDT 2017,,,3KYQYYSHYXF5YIT1A9Z1LBJR3R2DOE,A3G8NSPRF986WP,Submitted,Thu Apr 06 08:33:40 PDT 2017,Thu Apr 06 08:35:57 PDT 2017,Fri Apr 07 08:35:57 PDT 2017,,,,137,0% (0/0),0% (0/0),0% (0/0),reinsurance-group-of-america,"Reinsurance Group of America, Incorporated is a leader in the global life reinsurance industry with approximately $2.9 trillion of life reinsurance in force and assets of $39.7 billion. they are one of the largest life reinsurance companies in the world. They are the only global reinsurance company to focus primarily on life and health-related reinsurance solutions. Their core products and services include individual life reinsurance, individual living benefits reinsurance, group reinsurance, health reinsurance, financial solutions, facultative underwriting and product development. In 2013, they reviewed more than 580,000 facultative applications, more than any other life reinsurer in the world.",,https://www.crunchbase.com/organization/reinsurance-group-of-america#/entity,,
3OB6JN3A9RW8C5T0PSA7ACG6NLKMRW,3N0UI6O13VLJBAKBYYX46BJZXYMQQS,Copy/paste text from database ($0.1 for <1 min),"We will give you a company's name, and you will find the firm in a database, and copy/paste a URL and description.","data collection, branding, marketing",$0.10,Thu Apr 06 08:30:27 PDT 2017,1,BatchId:2755260;OriginalHitTemplateId:920937305;,600,86400,Thu Apr 13 08:30:27 PDT 2017,,,3VBEN272MM7N8UVLJGHIB1WPD8LSG0,ADLYO655RWJUI,Submitted,Thu Apr 06 08:32:54 PDT 2017,Thu Apr 06 08:33:32 PDT 2017,Fri Apr 07 08:33:32 PDT 2017,,,,38,0% (0/0),0% (0/0),0% (0/0),sealed-air-corporation,"Sealed Air Corporation creates a world that feels, tastes and works better. In 2013, the Company generated revenue of approximately $7.7 billion by helping our customers achieve their sustainability goals in the face of today‰Ûªs biggest social and environmental challenges. Our portfolio of widely recognized brands, including Cryovacå¨ brand food packaging solutions, Bubble Wrapå¨ brand cushioning and Diversey‰ã¢ cleaning and hygiene solutions, ensures a safer and less wasteful food supply chain, protects valuable goods shipped around the world, and improves health through clean environments. Sealed Air has approximately 25,000 employees who serve customers in 175 countries. To learn more, visit www.sealedair.com.",,https://www.crunchbase.com/organization/sealed-air-corporation,,
3LB1BGHFL33LM1V6CK3D4M4VKGVYTB,3N0UI6O13VLJBAKBYYX46BJZXYMQQS,Copy/paste text from database ($0.1 for <1 min),"We will give you a company's name, and you will find the firm in a database, and copy/paste a URL and description.","data collection, branding, marketing",$0.10,Thu Apr 06 08:30:27 PDT 2017,1,BatchId:2755260;OriginalHitTemplateId:920937305;,600,86400,Thu Apr 13 08:30:27 PDT 2017,,,3FE7TXL1LKVLGK81SX7OEXNNL1VQ2Q,A3OE4LKJ2ORFZS,Submitted,Thu Apr 06 08:32:44 PDT 2017,Thu Apr 06 08:33:41 PDT 2017,Fri Apr 07 08:33:41 PDT 2017,,,,57,100% (3/3),100% (3/3),100% (3/3),sonic-automotive,"Sonic Automotive, as a Fortune 500 company and member of the Russell 2000 Index, is among the largest automotive retailers in the United States. These dealerships provide comprehensive services, including sales of both new and used cars and light trucks, sales of replacement parts, performance of vehicle maintenance, warranty, paint and collision repair services, and arrangement of extended warranty contracts, financing and insurance for the company's customers.",,https://www.crunchbase.com/organization/sonic-automotive#/entity,,
3B623HUYJ5X5SVR9AG0TV4K7PIES82,3N0UI6O13VLJBAKBYYX46BJZXYMQQS,Copy/paste text from database ($0.1 for <1 min),"We will give you a company's name, and you will find the firm in a database, and copy/paste a URL and description.","data collection, branding, marketing",$0.10,Thu Apr 06 08:30:27 PDT 2017,1,BatchId:2755260;OriginalHitTemplateId:920937305;,600,86400,Thu Apr 13 08:30:27 PDT 2017,,,339ANSOTR7A3G2O84V8J5RIVBR0KI3,ACGHHDT7RY1AH,Submitted,Thu Apr 06 08:31:27 PDT 2017,Thu Apr 06 08:33:06 PDT 2017,Fri Apr 07 08:33:06 PDT 2017,,,,99,0% (0/0),0% (0/0),0% (0/0),bacardi,{},on,https://www.crunchbase.com/organization/bacardi#/entity,,
3HJ1EVZS2PQ7QJLQJA5SED70NU43RY,3N0UI6O13VLJBAKBYYX46BJZXYMQQS,Copy/paste text from database ($0.1 for <1 min),"We will give you a company's name, and you will find the firm in a database, and copy/paste a URL and description.","data collection, branding, marketing",$0.10,Thu Apr 06 08:30:27 PDT 2017,1,BatchId:2755260;OriginalHitTemplateId:920937305;,600,86400,Thu Apr 13 08:30:27 PDT 2017,,,3YDTZAI2WZO72U37BW0X6BCDX30143,A3G8NSPRF986WP,Submitted,Thu Apr 06 08:39:25 PDT 2017,Thu Apr 06 08:40:06 PDT 2017,Fri Apr 07 08:40:06 PDT 2017,,,,41,0% (0/0),0% (0/0),0% (0/0),bd,{},on,{},,
3JTPR5MTZTJOHUVZ79KOSYJ66Y0K5B,3N0UI6O13VLJBAKBYYX46BJZXYMQQS,Copy/paste text from database ($0.1 for <1 min),"We will give you a company's name, and you will find the firm in a database, and copy/paste a URL and description.","data collection, branding, marketing",$0.10,Thu Apr 06 08:30:27 PDT 2017,1,BatchId:2755260;OriginalHitTemplateId:920937305;,600,86400,Thu Apr 13 08:30:27 PDT 2017,,,3DHE4R9OCYJU3VENP12CKJJLFEMG2L,A3F6SDO4GYBE4Y,Submitted,Thu Apr 06 08:32:40 PDT 2017,Thu Apr 06 08:33:53 PDT 2017,Fri Apr 07 08:33:53 PDT 2017,,,,73,0% (0/0),0% (0/0),0% (0/0),cadbury,"Cadbury is a global confectionery company with a portfolio of chocolate, gum, and candy brands. It covers more than 20 of the world's 50 largest confectionery markets.Cadbury‰Ûªs brands include many global, regional, and local products, including Cadbury, Creme Egg, and Flake and Green & Black's in chocolate; Trident, Clorets, Dentyne, Hollywood, Bubbaloo, and Stimorol in gum; and Halls, Cadbury Eclairs, and more in candy. It was founded in 1824 by John Cadbury.",,https://www.crunchbase.com/organization/cadbury#/entity,,
32LAQ1JNTAW45SB12J6O11YIOSKTU8,3N0UI6O13VLJBAKBYYX46BJZXYMQQS,Copy/paste text from database ($0.1 for <1 min),"We will give you a company's name, and you will find the firm in a database, and copy/paste a URL and description.","data collection, branding, marketing",$0.10,Thu Apr 06 08:30:27 PDT 2017,1,BatchId:2755260;OriginalHitTemplateId:920937305;,600,86400,Thu Apr 13 08:30:27 PDT 2017,,,3X0H8UUIT3WJ5GLLYLL0X4ID7WBSWZ,A3OE4LKJ2ORFZS,Submitted,Thu Apr 06 08:34:47 PDT 2017,Thu Apr 06 08:40:41 PDT 2017,Fri Apr 07 08:40:41 PDT 2017,,,,354,100% (3/3),100% (3/3),100% (3/3),camel,{},on,https://www.crunchbase.com/product/camel#/entity,,
3XD2A6FGFO1560AJF867V0FI9OWS9R,3N0UI6O13VLJBAKBYYX46BJZXYMQQS,Copy/paste text from database ($0.1 for <1 min),"We will give you a company's name, and you will find the firm in a database, and copy/paste a URL and description.","data collection, branding, marketing",$0.10,Thu Apr 06 08:30:27 PDT 2017,1,BatchId:2755260;OriginalHitTemplateId:920937305;,600,86400,Thu Apr 13 08:30:27 PDT 2017,,,326O153BMK6JMRGCGVW5GZPDZPWDEA,A3OE4LKJ2ORFZS,Submitted,Thu Apr 06 08:32:55 PDT 2017,Thu Apr 06 08:37:23 PDT 2017,Fri Apr 07 08:37:23 PDT 2017,,,,268,100% (3/3),100% (3/3),100% (3/3),coach,"Coach gives you the tools & support needed to build your business, so you can create the life you want.",,https://www.crunchbase.com/organization/coach-test-prep#/entity,,